"percentage","count","race"
0.800640512409928,450,"Yellow"
2.6277527915632755,8133,"Black"
0.3606051277933179,8083,"White"