"percentage of all deaths","count","race"
0.800640512409928,450,"Yellow"
2.62775279156328,8133,"Black"
0.360605127793318,8083,"White"
